column_name,column_type,min,max,approx_unique,avg,std,q25,q50,q75,count,null_percentage
full_name,VARCHAR,0-AI-UG/cate,zzzzz1213/Nano-Code-Agent,232901,,,,,,282200,0.0
owner,VARCHAR,0-AI-UG,zzzzz1213,192218,,,,,,282200,0.0
stars,BIGINT,0,383040,3520,122.15080320215844,2405.834727837106,0,0,2,282200,0.18
forks,BIGINT,0,80428,1652,18.623913236416566,444.17210374102723,0,0,0,282200,0.18
is_fork,BIGINT,0,1,2,1.065019436604718e-05,0.003263451968088168,0,0,0,282200,0.18
language,VARCHAR,,xBase,258,,,,,,282200,0.18
license,VARCHAR,,Zlib,44,,,,,,282200,0.18
created_at,VARCHAR,2008-01-27T17:23:23Z,2026-07-21T02:24:50Z,262796,,,,,,282200,0.18
pushed_at,VARCHAR,2015-05-08T03:22:57Z,2026-07-21T08:49:38Z,227038,,,,,,282200,0.18
metadata_fetched,BIGINT,1,1,1,1.0,0.0,1,1,1,282200,0.0
